approach,macro_f1
PCA + GBM,0.8136907795695048
"RF (773-D, balanced)",0.8016450964420462
