approach,accuracy,macro_f1
Random Forest,0.4811991869918699,0.3344252018584714
PCA + GBM,0.4420731707317073,0.29345830901015807
