approach,accuracy,macro_f1
Random Forest,0.49641693811074916,0.40735400637471847
PCA + GBM,0.452442996742671,0.3558784946615918
