approach,train_accuracy,test_accuracy,macro_f1
RF raw,1.0,0.821969696969697,0.836680256365566
RF + coherence,1.0,0.8162878787878788,0.8319882536325166
