approach,accuracy,macro_f1
Random Forest,0.5876327769347496,0.602907182189537
PCA + GBM,0.5523520485584219,0.550821128081049
