approach,macro_f1
"RF (780-D, balanced)",0.8108521225803953
PCA + GBM,0.8041147775004006
