approach,accuracy,macro_f1
PCA + GBM,0.3323216995447648,0.21880616994193178
Random Forest,0.3205614567526555,0.17318774640509485
