approach,macro_f1
"RF (768-D, balanced)",0.6453622537035429
PCA + GBM,0.5931484680239106
