approach,accuracy,macro_f1
Random Forest,0.5557663125948407,0.568015785767699
PCA + GBM,0.5561456752655539,0.5344903995644893
