approach,accuracy,macro_f1
Random Forest,0.4779969650986343,0.42527087635930255
PCA + GBM,0.41160849772382396,0.321277803419048
