approach,macro_f1
"RF (775-D, balanced)",0.7393577281766192
PCA + GBM,0.7324840806135599
