approach,macro_f1
"RF (768-D, balanced)",0.8022053505805834
PCA + GBM,0.800281042203436
