approach,macro_f1
PCA + GBM,0.815955672230298
"RF (770-D, balanced)",0.8058055824879012
