approach,macro_f1
"RF (768-D, balanced)",0.8090558235031283
PCA + GBM,0.7759409357233391
