approach,accuracy,macro_f1
Random Forest,0.5493171471927162,0.501935369102649
PCA + GBM,0.529969650986343,0.4761197311708704
