approach,macro_f1
PCA+GBM,0.3482943325386784
1D-CNN,0.2940978431515899
Hankel exact DMD + GBM,0.10327598950321254
