approach,train_accuracy,test_accuracy,macro_f1
RF raw,1.0,0.821969696969697,0.836680256365566
RF Fourier-mag K=8,1.0,0.6098484848484849,0.5927321173038635
