approach,accuracy,macro_f1
Random Forest,0.4871878040869283,0.3946652240268693
PCA + GBM,0.43237106714239376,0.3284124949622383
