{
  "record_start_time_unix": 1775404152.302109,
  "imu_sample_count": 1476,
  "video_fps": 30,
  "video_resolution": [
    640,
    480
  ],
  "video_frame_times": [
    0.015189886093139648,
    0.03998398780822754,
    0.0774838924407959,
    0.1137089729309082,
    0.14849495887756348,
    0.18378591537475586,
    0.2147068977355957,
    0.24231386184692383,
    0.27808499336242676,
    0.3162841796875,
    0.349747896194458,
    0.3802449703216553,
    0.41809511184692383,
    0.44153904914855957,
    0.4792180061340332,
    0.5135889053344727,
    0.549994945526123,
    0.5816271305084229,
    0.6157190799713135,
    0.6418578624725342,
    0.6780719757080078,
    0.7135260105133057,
    0.750258207321167,
    0.7815730571746826,
    0.8162930011749268,
    0.8408479690551758,
    0.8805570602416992,
    0.9161059856414795,
    0.9468240737915039,
    0.98219895362854,
    1.0179619789123535,
    1.041306972503662,
    1.0801169872283936,
    1.1175899505615234,
    1.1462500095367432,
    1.1815431118011475,
    1.217682123184204,
    1.2411119937896729,
    1.279590129852295,
    1.315824031829834,
    1.350080966949463,
    1.3811230659484863,
    1.4165730476379395,
    1.4422051906585693,
    1.4789080619812012,
    1.5160889625549316,
    1.5489089488983154,
    1.5837600231170654,
    1.6104297637939453,
    1.6440081596374512,
    1.6784429550170898,
    1.7167961597442627,
    1.748971939086914,
    1.783843994140625,
    1.8103899955749512,
    1.8381831645965576,
    1.8806140422821045,
    1.9185938835144043,
    1.9467549324035645,
    1.98219895362854,
    2.0168261528015137,
    2.0420689582824707,
    2.079375982284546,
    2.1161460876464844,
    2.1496660709381104,
    2.1851890087127686,
    2.2168619632720947,
    2.2440969944000244,
    2.2790870666503906,
    2.316713809967041,
    2.35013484954834,
    2.3855228424072266,
    2.4159979820251465,
    2.4447431564331055,
    2.47929310798645,
    2.5185258388519287,
    2.5499629974365234,
    2.5852370262145996,
    2.6161367893218994,
    2.6458020210266113,
    2.680696964263916,
    2.719019889831543,
    2.747262954711914,
    2.7822608947753906,
    2.8200039863586426,
    2.843440055847168,
    2.8810150623321533,
    2.9164421558380127,
    2.951322078704834,
    2.983180046081543,
    3.0190460681915283,
    3.0428881645202637,
    3.0809578895568848,
    3.116580009460449,
    3.151097059249878,
    3.1870219707489014,
    3.2167720794677734,
    3.2431399822235107,
    3.280580997467041,
    3.316602945327759,
    3.3522329330444336,
    3.3824141025543213,
    3.4188971519470215,
    3.443027973175049,
    3.48245906829834,
    3.5191872119903564,
    3.5494918823242188,
    3.58477520942688,
    3.6144959926605225,
    3.646897077560425,
    3.6816837787628174,
    3.715362071990967,
    3.752086877822876,
    3.7864010334014893,
    3.819108009338379,
    3.8456501960754395,
    3.880855083465576,
    3.9164609909057617,
    3.950770854949951,
    3.9855830669403076,
    4.015972137451172,
    4.045083045959473,
    4.080173015594482,
    4.115632057189941,
    4.150834083557129,
    4.185460805892944,
    4.215429067611694,
    4.244930028915405,
    4.280740976333618,
    4.316848993301392,
    4.351760149002075,
    4.387506008148193,
    4.416409015655518,
    4.445865869522095,
    4.48026704788208,
    4.515954971313477,
    4.551391839981079,
    4.585922956466675,
    4.616100072860718,
    4.647472143173218,
    4.682037830352783,
    4.718770980834961,
    4.752465009689331,
    4.7877302169799805,
    4.8184380531311035,
    4.844305038452148,
    4.8820579051971436,
    4.9188032150268555,
    4.950962066650391,
    4.986583948135376,
    5.016203880310059,
    5.04570198059082,
    5.08001184463501,
    5.11556077003479,
    5.150346994400024,
    5.185583114624023,
    5.2158660888671875,
    5.238760232925415,
    5.278883934020996,
    5.318712949752808,
    5.3498218059539795,
    5.385074853897095,
    5.418929100036621,
    5.444588899612427,
    5.483098030090332,
    5.519852876663208,
    5.550065994262695,
    5.587751150131226,
    5.618628025054932,
    5.6530537605285645,
    5.684484004974365,
    5.719414949417114,
    5.744549989700317,
    5.783437967300415,
    5.817944049835205,
    5.846210956573486,
    5.882179021835327,
    5.920154094696045,
    5.952919960021973,
    5.9841461181640625,
    6.019400119781494,
    6.044999122619629,
    6.083307981491089,
    6.118086099624634,
    6.154379844665527,
    6.186115980148315,
    6.2208240032196045,
    6.245023965835571,
    6.2823920249938965,
    6.319997787475586,
    6.355134963989258,
    6.386046886444092,
    6.419845104217529,
    6.445303916931152,
    6.483837842941284,
    6.519973993301392,
    6.551315069198608,
    6.586738109588623,
    6.6186840534210205,
    6.646290063858032,
    6.682081937789917,
    6.718276023864746,
    6.754637002944946,
    6.786208868026733,
    6.819952011108398,
    6.845256805419922,
    6.882165908813477,
    6.919775009155273,
    6.952742099761963,
    6.988615036010742,
    7.017720937728882,
    7.046588182449341,
    7.082546949386597,
    7.1192100048065186,
    7.1535680294036865,
    7.188086032867432,
    7.218024969100952,
    7.245415210723877,
    7.284770965576172,
    7.319468021392822,
    7.35033106803894,
    7.38762903213501,
    7.418277025222778,
    7.44639778137207,
    7.4830708503723145,
    7.519056081771851,
    7.552824020385742,
    7.58818507194519,
    7.6176838874816895,
    7.646536827087402,
    7.683650016784668,
    7.719897031784058,
    7.750493764877319,
    7.786648988723755,
    7.820330858230591,
    7.845813035964966,
    7.88431191444397,
    7.921144962310791,
    7.9502928256988525,
    7.986541986465454,
    8.021138191223145,
    8.045944929122925,
    8.082158088684082,
    8.118229866027832,
    8.153181076049805,
    8.188185930252075,
    8.217950820922852,
    8.24723505973816,
    8.283208847045898,
    8.319185018539429,
    8.35598611831665,
    8.387987852096558,
    8.415651082992554,
    8.449014902114868,
    8.485216856002808,
    8.520050764083862,
    8.551306962966919,
    8.587439060211182,
    8.622246980667114,
    8.647300004959106,
    8.684637784957886,
    8.720396995544434,
    8.750578165054321,
    8.788100004196167,
    8.822874069213867,
    8.846297025680542,
    8.884631872177124,
    8.921021938323975,
    8.951712846755981,
    8.987368822097778,
    9.022367000579834,
    9.047116994857788,
    9.085606098175049,
    9.120398998260498,
    9.151789903640747,
    9.187612056732178,
    9.22288990020752,
    9.246670961380005,
    9.284040212631226,
    9.319840908050537,
    9.356062889099121,
    9.38800597190857,
    9.422119140625,
    9.447414875030518,
    9.484893083572388,
    9.520004034042358,
    9.556041955947876,
    9.586727142333984,
    9.621155977249146,
    9.646792888641357,
    9.684493064880371,
    9.720830917358398,
    9.757689952850342,
    9.788100004196167,
    9.823232889175415,
    9.848324060440063,
    9.88466191291809,
    9.91985821723938,
    9.957911014556885,
    9.987552881240845,
    10.022037982940674,
    10.047656774520874,
    10.085367918014526,
    10.119967937469482,
    10.160166025161743,
    10.19101881980896,
    10.220026016235352,
    10.249680042266846,
    10.286245107650757,
    10.321805953979492,
    10.351945877075195,
    10.389188051223755,
    10.422396183013916,
    10.447712898254395,
    10.485867023468018,
    10.520594120025635,
    10.555000066757202,
    10.590245962142944,
    10.621819972991943,
    10.649338006973267,
    10.685395956039429,
    10.720637083053589,
    10.757207870483398,
    10.789983987808228,
    10.824713945388794,
    10.846842050552368,
    10.884466171264648,
    10.922247171401978,
    10.9580819606781,
    10.989850044250488,
    11.024919033050537,
    11.047850847244263,
    11.083461999893188,
    11.120375871658325,
    11.15562105178833,
