approach,accuracy,macro_f1,mse
Stratified 80/20 RF,0.821969696969697,0.836680256365566,4.045454545454546
