approach,macro_f1
PCA + GBM,0.8139551213445384
"RF (769-D, balanced)",0.8108630457592944
