{
  "record_start_time_unix": 1772438382.719595,
  "video_fps": 30,
  "video_resolution": [
    640,
    480
  ],
  "video_frame_times": [
    0.04929685592651367,
    0.08132719993591309,
    0.11474800109863281,
    0.1480400562286377,
    0.1817951202392578,
    0.21394681930541992,
    0.24803686141967773,
    0.2812950611114502,
    0.3147919178009033,
    0.34798216819763184,
    0.38146400451660156,
    0.4145331382751465,
    0.4480321407318115,
    0.48256516456604004,
    0.5143392086029053,
    0.5478630065917969,
    0.5812160968780518,
    0.6147351264953613,
    0.64792799949646,
    0.6830790042877197,
    0.7147982120513916,
    0.7479701042175293,
    0.7831380367279053,
    0.8140170574188232,
    0.8479890823364258,
    0.8830220699310303,
    0.9138329029083252,
    0.9475400447845459,
    0.9819772243499756,
    1.0147409439086914,
    1.0478971004486084,
    1.084355115890503,
    1.1147611141204834,
    1.1480319499969482,
    1.181739091873169,
    1.214827060699463,
    1.2479228973388672,
    1.2816951274871826,
    1.3147001266479492,
    1.3480010032653809,
    1.3810970783233643,
    1.4146461486816406,
    1.4475150108337402,
    1.4822089672088623,
    1.5147221088409424,
    1.5473432540893555,
    1.5810270309448242,
    1.6146299839019775,
    1.647489070892334,
    1.68107008934021,
    1.7146251201629639,
    1.7473809719085693,
    1.7808661460876465,
    1.814013957977295,
    1.848215103149414,
    1.8824388980865479,
    1.914674997329712,
    1.9475111961364746,
    1.9810850620269775,
    2.014191150665283,
    2.0475142002105713,
    2.081911087036133,
    2.1146931648254395,
    2.1474199295043945,
    2.1811389923095703,
    2.214632987976074,
    2.2474730014801025,
    2.282249927520752,
    2.3142001628875732,
    2.3479208946228027,
    2.381498098373413,
    2.4146182537078857,
    2.4473321437835693,
    2.4824771881103516,
    2.514669179916382,
    2.547394037246704,
    2.5809831619262695,
    2.6143839359283447,
    2.647510051727295,
    2.681986093521118,
    2.713925838470459,
    2.7474100589752197,
    2.783332109451294,
    2.814703941345215,
    2.8478829860687256,
    2.8853981494903564,
    2.914609909057617,
    2.9477288722991943,
    2.9809060096740723,
    3.014694929122925,
    3.0479612350463867,
    3.082468032836914,
    3.114341974258423,
    3.146419048309326,
    3.181180000305176,
    3.214344024658203,
    3.2466659545898438,
    3.282639265060425,
    3.31471586227417,
    3.347377061843872,
    3.3827409744262695,
    3.4143729209899902,
    3.4465410709381104,
    3.4820690155029297,
    3.5143182277679443,
    3.547490119934082,
    3.582376003265381,
    3.6144158840179443,
    3.6474571228027344,
    3.6809611320495605,
    3.7144200801849365,
    3.747370958328247,
    3.784785032272339,
    3.8145649433135986,
    3.848001003265381,
    3.8826100826263428,
    3.9143669605255127,
    3.9467570781707764,
    3.980929136276245,
    4.01416802406311,
    4.047532081604004,
    4.080762147903442,
    4.114129066467285,
    4.1471240520477295,
    4.1812779903411865,
    4.214564800262451,
    4.247997045516968,
    4.281797885894775,
    4.3144190311431885,
    4.347436189651489,
    4.381673097610474,
    4.41416597366333,
    4.447525978088379,
    4.480890274047852,
    4.514413118362427,
    4.547574996948242,
    4.580757141113281,
    4.614349126815796,
    4.64754319190979,
    4.680941104888916,
    4.714158058166504,
    4.7474141120910645,
    4.781322002410889,
    4.814454078674316,
    4.847402095794678,
    4.880711078643799,
    4.914588928222656,
    4.948061943054199,
    4.982741117477417,
    5.0146119594573975,
    5.047420024871826,
    5.0812599658966064,
    5.1142799854278564,
    5.147361993789673,
    5.1807239055633545,
    5.214258909225464,
    5.247706890106201,
    5.280890226364136,
    5.314279079437256,
    5.3467981815338135,
    5.382126092910767,
    5.4144439697265625,
    5.447395086288452,
    5.482013940811157,
    5.5134501457214355,
    5.547654867172241,
    5.583012819290161,
    5.6143271923065186,
    5.647477149963379,
    5.681566953659058,
    5.714219093322754,
    5.747387886047363,
    5.7807512283325195,
    5.813739061355591,
    5.847954988479614,
    5.881434202194214,
    5.914314031600952,
    5.947379112243652,
    5.980717182159424,
    6.014485120773315,
    6.051653146743774,
    6.082633018493652,
    6.115852117538452,
    6.148236036300659,
    6.1822028160095215,
    6.215889930725098,
    6.249080181121826,
    6.282924175262451,
    6.315641164779663,
    6.348855018615723,
    6.383507966995239,
    6.415217876434326,
    6.448898077011108,
    6.4827799797058105,
    6.515687942504883,
    6.549006223678589,
    6.583774089813232,
    6.615546941757202,
    6.649017095565796,
    6.682115077972412,
    6.715779066085815,
    6.748842000961304,
    6.782746076583862,
    6.815731048583984,
    6.849065065383911,
    6.883277177810669,
    6.915783882141113,
    6.9489569664001465,
    6.983671188354492,
    7.01474404335022,
    7.048978090286255,
    7.0822038650512695,
    7.1156511306762695,
    7.149039268493652,
    7.1838788986206055,
    7.215746164321899,
    7.2484130859375,
    7.282867908477783,
    7.315834045410156,
    7.3490149974823,
    7.382715940475464,
    7.415663242340088,
    7.448932886123657,
    7.482287168502808,
    7.515527963638306,
    7.549007892608643,
    7.582442998886108,
    7.615685939788818,
    7.648783922195435,
    7.685183048248291,
    7.715137004852295,
    7.74908709526062,
    7.782411098480225,
    7.81485390663147,
    7.8484601974487305,
    7.8830320835113525,
    7.915771007537842,
    7.949177026748657,
    7.9836201667785645,
    8.01598596572876,
    8.0488760471344,
    8.08366322517395,
    8.115630149841309,
    8.148505210876465,
    8.183710098266602,
    8.215688943862915,
    8.249253034591675,
    8.284836053848267,
    8.315380096435547,
    8.349099159240723,
    8.38292407989502,
    8.415304899215698,
    8.449074029922485,
    8.481059074401855,
    8.514538049697876,
    8.54794192314148,
    8.583272933959961,
    8.614338159561157,
    8.647449254989624,
    8.680898189544678,
    8.714302062988281,
    8.747363090515137,
    8.781231880187988,
    8.814259052276611,
    8.847409009933472,
    8.884666919708252,
    8.914334058761597,
    8.947504043579102,
    8.982838153839111,
    9.01439118385315,
    9.047406196594238,
    9.080816984176636,
    9.113770008087158,
    9.14737582206726,
    9.18217396736145,
    9.214170932769775,
    9.248064994812012,
    9.281543016433716,
    9.314391136169434,
    9.347343921661377,
    9.38144588470459,
    9.414422035217285,
    9.447561025619507,
    9.481228113174438,
    9.51436710357666,
    9.547405004501343,
    9.581084966659546,
    9.614287853240967,
    9.647332191467285,
    9.680924892425537,
    9.714410066604614,
    9.748008012771606,
    9.783001184463501,
    9.814323902130127,
    9.847377061843872,
    9.880798101425171,
    9.914561986923218,
    9.947674989700317,
    9.982259035110474,
    10.014209032058716,
    10.046692848205566,
    10.084625959396362,
    10.114398002624512,
    10.147394180297852,
    10.181889057159424,
    10.214315176010132,
    10.247036933898926,
    10.282526016235352,
    10.314501285552979,
    10.3474280834198
  ],
  "imu_sample_count": 1022,
  "video_frame_count": 310
}